Epoch,Accuracy
1,73.2809674239543
2,76.50286796494795
